SNR,16QAM(1/2),16QAM(3/4)
5.269887250830905,0.5104166666666666,0.4921875
7.1155884663319195,0.5078125,0.4895833333333333
8.036167880798812,0.4557291666666667,0.5260416666666666
8.607276815551993,0.4609375,0.4869791666666667
10.229227595995091,0.4817708333333333,0.515625
