SNR,BER
-0.038996690384015,0.4288194444444444
0.9611488768049087,0.03993055555555555
2.3610280795498526,0.011284722222222222
2.9559242876037466,0.0
3.9100788660401453,0.0
5.378126184573604,0.0
