SNR,16QAM(1/2),16QAM(3/4)
-0.2315023244958719,0.421875,0.4765625
