SNR,16QAM(1/2),16QAM(3/4)
-0.2315023244958719,0.4401041666666667,0.5026041666666666
