SNR,16QAM(1/2),16QAM(3/4)
-0.2315023244958719,-6.399120317646453,-6.608492474312153
